Fname,Lname,tel,end_date
Александр ,ФОРМАН,1729341037,2021-12-02 00:00:00
Сергей ,ФОРМАН,2915315142,2021-03-09 00:00:00
Владимир ,ФОРМАН,7400470208,2021-10-20 00:00:00
Елена ,ФОРМАН,6347204650,2021-12-21 00:00:00
Татьяна ,ФОРМАН,2758843825,2021-10-10 00:00:00
Андрей ,ФОРМАН,8006020577,2021-04-07 00:00:00
Алексей ,ФОРМАН,2514070803,2021-10-14 00:00:00
Ольга ,ФОРМАН,3426478630,2021-09-19 00:00:00
Николай ,ФОРМАН,9168280404,2021-10-26 00:00:00
Наталья ,ФОРМАН,1644406706,2021-04-28 00:00:00
Анна ,ФОРМАН,8735042341,2021-12-13 00:00:00
Иван ,ФОРМАН,6291292319,2021-05-10 00:00:00
Дмитрий ,ФОРМАН,6119679971,2021-03-02 00:00:00
Ирина ,ФОРМАН,1239689971,2021-11-23 00:00:00
Мария ,ФОРМАН,9887754909,2021-01-04 00:00:00
Светлана ,ФОРМАН,2828272965,2021-08-15 00:00:00
Михаил ,ФОРМАН,5417616070,2021-02-23 00:00:00
Екатерина ,ФОРМАН,6258588822,2021-04-07 00:00:00
Евгений ,ФОРМАН,9583710111,2021-03-15 00:00:00
Виктор ,ФОРМАН,6587135066,2021-10-16 00:00:00
Анастасия ,ФОРМАН,4668794124,2021-08-24 00:00:00
Юрий ,ФОРМАН,6755604113,2021-03-01 00:00:00
Юлия ,ФОРМАН,3333771592,2021-11-28 00:00:00
Валентина ,ФОРМАН,5252851832,2021-04-14 00:00:00
Галина ,ФОРМАН,7149448219,2021-02-15 00:00:00
Людмила ,ФОРМАН,2275435727,2021-06-13 00:00:00
Василий ,ФОРМАН,1154966084,2021-09-17 00:00:00
Игорь ,ФОРМАН,2722275993,2021-02-12 00:00:00
Анатолий ,ФОРМАН,3646232493,2021-09-21 00:00:00
Олег ,ФОРМАН,5021932905,2021-08-27 00:00:00
Надежда ,ФОРМАН,5268860978,2021-01-13 00:00:00
Марина ,ФОРМАН,5947508814,2021-03-29 00:00:00
Павел ,ФОРМАН,1329012360,2021-01-25 00:00:00
Максим ,ФОРМАН,4341160286,2021-05-24 00:00:00
Александра ,ФОРМАН,8277636517,2021-07-04 00:00:00
Нина ,ФОРМАН,6795232783,2021-08-21 00:00:00
Виталий ,ФОРМАН,6302965223,2021-07-21 00:00:00
Валерий ,ФОРМАН,1689944100,2021-09-21 00:00:00
Любовь ,ФОРМАН,6993727791,2021-10-11 00:00:00
Виктория ,ФОРМАН,3218204581,2021-03-30 00:00:00
Роман ,ФОРМАН,3252553808,2021-08-02 00:00:00
Оксана ,ФОРМАН,9301041752,2021-05-14 00:00:00
Денис ,ФОРМАН,2189278691,2021-05-30 00:00:00
Дарья ,ФОРМАН,4770443124,2021-05-03 00:00:00
Константин ,ФОРМАН,7511268721,2021-09-07 00:00:00
Вячеслав ,ФОРМАН,8253233542,2021-11-23 00:00:00
Вера ,ФОРМАН,2936221048,2021-01-01 00:00:00
Евгения ,ФОРМАН,3002549157,2021-04-08 00:00:00
Петр ,ФОРМАН,2505152700,2021-08-10 00:00:00
Антон ,ФОРМАН,5502046965,2021-10-24 00:00:00
Илья ,ФОРМАН,8441148654,2021-09-28 00:00:00
Лариса ,ФОРМАН,6752617938,2021-07-16 00:00:00
Владислав ,ФОРМАН,7923350076,2021-05-06 00:00:00
Лидия ,ФОРМАН,2668135900,2021-06-03 00:00:00
Наталия ,ФОРМАН,5015742306,2021-05-09 00:00:00
Вадим ,ФОРМАН,1844955578,2021-08-07 00:00:00
Ксения ,ФОРМАН,1444443735,2021-02-04 00:00:00
Григорий ,ФОРМАН,2525160882,2021-11-10 00:00:00
Геннадий ,ФОРМАН,4719997527,2021-06-01 00:00:00
Никита ,ФОРМАН,1938227086,2021-07-09 00:00:00
Тамара ,ФОРМАН,9986833358,2021-07-08 00:00:00
Алина ,ФОРМАН,6075258938,2021-03-10 00:00:00
Леонид ,ФОРМАН,2250801021,2021-09-16 00:00:00
Руслан ,ФОРМАН,4348356570,2021-03-13 00:00:00
Борис ,ФОРМАН,2711872192,2021-11-28 00:00:00
Кристина ,ФОРМАН,9354472463,2021-07-19 00:00:00
Елизавета ,ФОРМАН,4191059257,2021-08-21 00:00:00
Кирилл ,ФОРМАН,1955275818,2021-03-13 00:00:00
Артем ,ФОРМАН,6846993894,2021-06-26 00:00:00
Валерия ,ФОРМАН,2002139165,2021-06-29 00:00:00
Полина ,ФОРМАН,3308538633,2021-08-01 00:00:00
Станислав ,ФОРМАН,8832080204,2021-10-21 00:00:00
Инна ,ФОРМАН,6797048871,2021-01-27 00:00:00
Алла ,ФОРМАН,1634446399,2021-08-04 00:00:00
Раиса ,ФОРМАН,6255713128,2021-05-13 00:00:00
Яна ,ФОРМАН,1742146342,2021-07-07 00:00:00
Антонина ,ФОРМАН,5637012910,2021-04-24 00:00:00
Валентин ,ФОРМАН,8818349883,2021-08-10 00:00:00
Федор ,ФОРМАН,4967986505,2021-04-14 00:00:00
Егор ,ФОРМАН,6431440992,2021-10-21 00:00:00
Георгий ,ФОРМАН,5445513802,2021-06-24 00:00:00
Артём ,ФОРМАН,9689751103,2021-09-30 00:00:00
Зинаида ,ФОРМАН,6316209837,2021-12-26 00:00:00
Алена ,ФОРМАН,4371804894,2021-01-14 00:00:00
Олеся ,ФОРМАН,9060090515,2021-02-23 00:00:00
Степан ,ФОРМАН,2972880958,2021-08-24 00:00:00
Маргарита ,ФОРМАН,9247669371,2021-10-18 00:00:00
Лилия ,ФОРМАН,1636368797,2021-07-09 00:00:00
Диана ,ФОРМАН,7823754221,2021-03-14 00:00:00
Эдуард ,ФОРМАН,9543933689,2021-08-25 00:00:00
Зоя ,ФОРМАН,9621557652,2021-03-06 00:00:00
Алёна ,ФОРМАН,7093110315,2021-03-23 00:00:00
Даниил ,ФОРМАН,6436700675,2021-07-02 00:00:00
Евдокия ,ФОРМАН,4022479610,2021-07-22 00:00:00
Вероника ,ФОРМАН,3764256969,2021-06-07 00:00:00
Пётр ,ФОРМАН,6900121184,2021-03-26 00:00:00
Артур ,ФОРМАН,5467649949,2021-01-22 00:00:00
Клавдия ,ФОРМАН,8415303381,2021-06-01 00:00:00
Софья ,ФОРМАН,1854547828,2021-11-10 00:00:00
Ярослав,ФОРМАН,1946839965,2021-04-03 00:00:00
